league,Team,Conf/Div,Win Total,Over,Under,Imp P(Over),Imp P(Under),P(Over) devig,E[Wins],Brand,Popularity,Avg Capture,OOU Games,On-Field EV,Off-Field EV,IPO EV,Contested Off-Field %,Discount,Listed IPO
NFL,Los Angeles Rams,NFC West,11.5,-140,115,0.58333333333333337,0.46511627906976744,0.55637707948243986,11.882833143804826,68,68.760000000000005,0.5272,0,59.614165719024129,22.405999999999999,82.020165719024135,0.27317672189002962,0.01,81.2
NFL,Baltimore Ravens,AFC North,11.5,118,-140,0.45871559633027525,0.58333333333333337,0.44020542920029349,11.093789321013695,76,71.7,0.53410000000000002,0,55.668946605068477,22.699249999999999,78.368196605068476,0.28964874762132681,1.1572459913504788E-2,77.460000000000008
NFL,Buffalo Bills,AFC East,10.5,-145,120,0.59183673469387754,0.45454545454545453,0.56560283687943258,10.946013376456298,80,73.760000000000005,0.54849999999999999,0,54.930066882281494,23.311250000000001,78.241316882281495,0.29794040960574708,1.2364002271410372E-2,77.27
NFL,Detroit Lions,NFC North,10.5,-130,110,0.56521739130434778,0.47619047619047616,0.54274353876739567,10.789839544028208,82,74.59,0.53890000000000005,0,54.149197720141046,22.903250000000003,77.052447720141046,0.29724234177720005,1.2297363007047646E-2,76.100000000000009
NFL,Seattle Seahawks,NFC West,10.5,-125,105,0.55555555555555558,0.48780487804878048,0.53246753246753253,10.719980024263867,70,67.22,0.52090000000000003,0,53.79990012131934,22.138250000000003,75.938150121319339,0.29153001442136495,1.1752050249139508E-2,75.05
NFL,San Francisco 49ers,NFC West,10.5,105,-125,0.48780487804878048,0.55555555555555558,0.46753246753246752,10.280019975736135,88,76.989999999999995,0.55830000000000002,0,51.60009987868068,23.72775,75.327849878680681,0.31499306084289869,1.3991890117557335E-2,74.27
NFL,Kansas City Chiefs,AFC West,10.5,115,-135,0.46511627906976744,0.57446808510638303,0.44740599714421703,10.143011844178975,95,80.87,0.56769999999999998,0,50.915059220894875,24.12725,75.042309220894879,0.32151529251290656,1.4614518324614603E-2,73.95
NFL,Philadelphia Eagles,NFC East,10.5,120,-145,0.45454545454545453,0.59183673469387754,0.43439716312056736,10.053986623543702,90,77.66,0.55200000000000005,0,50.469933117718512,23.46,73.929933117718519,0.31732748848351694,1.4214740296747814E-2,72.88
NFL,New England Patriots,AFC East,10.5,120,-145,0.45454545454545453,0.59183673469387754,0.43439716312056736,10.053986623543702,78,70.459999999999994,0.53590000000000004,0,50.469933117718512,22.775750000000002,73.245683117718514,0.31095006600451008,1.3605935929676632E-2,72.25
NFL,Cincinnati Bengals,AFC North,10.5,115,-140,0.46511627906976744,0.58333333333333337,0.44362292051756003,10.117166856195174,72,67.010000000000005,0.51529999999999998,0,50.785834280975877,21.90025,72.686084280975876,0.30129907556090418,1.2684628748292515E-2,71.760000000000005
NFL,Green Bay Packers,NFC North,9.5,-125,105,0.55555555555555558,0.48780487804878048,0.53246753246753253,9.719980024263867,88,75.67,0.54290000000000005,0,48.79990012131934,23.073250000000002,71.873150121319341,0.32102739285885162,1.4567942228855079E-2,70.83
NFL,Dallas Cowboys,NFC East,9.5,105,-125,0.48780487804878048,0.55555555555555558,0.46753246753246752,9.2800199757361348,100,81.84,0.56640000000000001,0,46.60009987868068,24.071999999999999,70.672099878680683,0.34061532119921745,1.6437853835738175E-2,69.510000000000005
NFL,Denver Broncos,AFC West,9.5,-125,105,0.55555555555555558,0.48780487804878048,0.53246753246753253,9.719980024263867,72,66.069999999999993,0.51190000000000002,0,48.79990012131934,21.755750000000003,70.555650121319346,0.30834879931786224,1.3357612641708635E-2,69.61
NFL,Houston Texans,AFC South,9.5,-125,105,0.55555555555555558,0.48780487804878048,0.53246753246753253,9.719980024263867,65,61.87,0.51180000000000003,0,48.79990012131934,21.7515,70.551400121319347,0.30830713440975488,1.3353635207550419E-2,69.61
NFL,Los Angeles Chargers,AFC West,9.5,-140,115,0.58333333333333337,0.46511627906976744,0.55637707948243986,9.8828331438048256,60,59.25,0.48170000000000002,0,49.614165719024129,20.472250000000003,70.086415719024131,0.29210011369497174,1.1806473321874369E-2,69.260000000000005
NFL,Chicago Bears,NFC North,9.5,105,-125,0.48780487804878048,0.55555555555555558,0.46753246753246752,9.2800199757361348,78,68.64,0.51590000000000003,0,46.60009987868068,21.925750000000001,68.525849878680674,0.31996319693688907,1.446635148010935E-2,67.53
NFL,Jacksonville Jaguars,AFC South,8.5,-140,115,0.58333333333333337,0.46511627906976744,0.55637707948243986,8.8828331438048256,50,50.9,0.4577,0,44.614165719024129,19.452249999999999,64.066415719024121,0.30362631937006856,1.2906793141340423E-2,63.24
NFL,Minnesota Vikings,NFC North,8.5,-110,-110,0.52380952380952384,0.52380952380952384,0.5,8.5,70,62,0.48759999999999998,0,42.7,20.722999999999999,63.423000000000002,0.32674266433312832,1.51135360395193E-2,62.46
NFL,Pittsburgh Steelers,AFC North,8.5,115,-140,0.46511627906976744,0.58333333333333337,0.44362292051756003,8.1171668561951744,87,71.3,0.53249999999999997,0,40.785834280975877,22.631249999999998,63.417084280975871,0.35686361579996223,1.7988955827640866E-2,62.28
NFL,Tampa Bay Buccaneers,NFC South,8.5,110,-130,0.47619047619047616,0.56521739130434778,0.45725646123260438,8.210160455971792,60,55.32,0.48039999999999999,0,41.250802279858959,20.416999999999998,61.667802279858961,0.33108038952554503,1.5527625908740135E-2,60.71
NFL,New Orleans Saints,NFC South,7.5,-125,105,0.55555555555555558,0.48780487804878048,0.53246753246753253,7.7199800242638661,65,57.16,0.48949999999999999,0,38.799900121319332,20.803750000000001,59.603650121319333,0.34903483188790163,1.724160094403257E-2,58.58
NFL,Indianapolis Colts,AFC South,7.5,-125,105,0.55555555555555558,0.48780487804878048,0.53246753246753253,7.7199800242638661,62,55.36,0.48099999999999998,0,38.799900121319332,20.442499999999999,59.242400121319335,0.34506535788787929,1.6862665235422365E-2,58.24
NFL,New York Giants,NFC East,7.5,-110,-110,0.52380952380952384,0.52380952380952384,0.5,7.5,75,62.65,0.49259999999999998,0,37.700000000000003,20.935499999999998,58.6355,0.35704479368300768,1.8006251512030266E-2,57.58
NFL,Washington Commanders,NFC East,7.5,-125,105,0.55555555555555558,0.48780487804878048,0.53246753246753253,7.7199800242638661,62,55.36,0.45839999999999997,0,38.799900121319332,19.481999999999999,58.281900121319332,0.33427187444895173,1.5832292874933415E-2,57.36
NFL,Atlanta Falcons,NFC South,7.5,115,-140,0.46511627906976744,0.58333333333333337,0.44362292051756003,7.1171668561951744,62,53.95,0.47339999999999999,0,35.785834280975877,20.119499999999999,55.905334280975879,0.35988515691330902,1.8277399541562281E-2,54.88
NFL,Carolina Panthers,NFC South,7.5,110,-130,0.47619047619047616,0.56521739130434778,0.45725646123260438,7.210160455971792,55,49.97,0.45219999999999999,0,36.250802279858959,19.218499999999999,55.469302279858958,0.34647091652671252,1.6996843305059919E-2,54.53
NFL,Tennessee Titans,AFC South,6.5,-105,-115,0.51219512195121952,0.53488372093023251,0.48916576381365112,6.4266659970613293,55,48.12,0.44230000000000003,0,32.333329985306648,18.797750000000001,51.131079985306648,0.36763843058667722,1.9017546032873242E-2,50.160000000000004
NFL,Las Vegas Raiders,AFC West,6.5,125,-150,0.44444444444444442,0.6,0.42553191489361708,5.9930446812244815,72,57.3,0.47239999999999999,0,30.165223406122408,20.076999999999998,50.242223406122406,0.39960413052805821,2.2069070027850971E-2,49.13
NFL,Cleveland Browns,AFC North,5.5,-120,100,0.54545454545454541,0.5,0.52173913043478259,5.6472010700898725,68,54.09,0.45590000000000003,0,28.43600535044936,19.37575,47.81175535044936,0.40525075596953369,2.2608110720121505E-2,46.730000000000004
NFL,New York Jets,AFC East,5.5,-110,-110,0.52380952380952384,0.52380952380952384,0.5,5.5,65,51.94,0.45150000000000001,0,27.7,19.188749999999999,46.888750000000002,0.40923995627949133,2.2988929550584521E-2,45.81
NFL,Miami Dolphins,AFC East,4.5,120,-145,0.45454545454545453,0.59183673469387754,0.43439716312056736,4.0539866235437021,70,51.54,0.44940000000000002,0,20.469933117718508,19.099500000000003,39.569433117718511,0.4826831848507725,0.03,38.380000000000003
NFL,Arizona Cardinals,NFC West,3.5,-145,120,0.59183673469387754,0.45454545454545453,0.56560283687943258,3.9460133764562975,55,42.28,0.39389999999999997,0,19.930066882281487,16.740749999999998,36.670816882281486,0.45651423729501789,2.7501848183016847E-2,35.660000000000004
NCAA,Texas Tech,Big 12,10.5,-220,170,0.6875,0.37037037037037035,0.64989059080962808,11.347055222715312,56,71.42,0.59450000000000003,1,56.73527611357656,18.848750000000003,75.584026113576556,0.2162990097330024,1.9662104339107724E-2,74.100000000000009
NCAA,Notre Dame,Independent,11.5,150,-200,0.4,0.66666666666666663,0.375,10.798993399278375,94,92.4,0.68169999999999997,0,53.994966996391874,20.450999999999997,74.445966996391874,0.27470930696610041,2.2813119616354335E-2,72.75
NCAA,Miami Florida,ACC,10.5,-125,100,0.55555555555555558,0.5,0.52631578947368418,10.64522598722685,74,79.88,0.63139999999999996,1,53.226129936134249,19.863499999999998,73.089629936134244,0.23756448096908184,2.0809296322660327E-2,71.570000000000007
NCAA,North Dakota State,FCS-Universe,9.5,175,-235,0.36363636363636365,0.70149253731343286,0.3414012738853503,8.6009880321024603,30,46.67,0.52539999999999998,10,43.004940160512305,27.627000000000002,70.631940160512301,3.7192805323343799E-2,0,70.63
NCAA,Ohio State,Big Ten,9.5,-185,140,0.64912280701754388,0.41666666666666669,0.60905349794238683,10.109076539390438,100,93.7,0.63290000000000002,1,50.545382696952188,19.90475,70.450132696952181,0.24705063473575212,2.1321038547182869E-2,68.95
NCAA,Georgia,SEC,9.5,-200,154,0.66666666666666663,0.39370078740157483,0.62871287128712861,10.222581810690341,95,91.08,0.60299999999999998,1,51.112909053451709,19.0825,70.195409053451712,0.23623339793308876,2.0737489412228763E-2,68.739999999999995
NCAA,Oregon,Big Ten,10.5,110,-145,0.47619047619047616,0.59183673469387754,0.44585987261146492,10.2005174328217,81,82.6,0.60250000000000004,1,51.002587164108498,19.068750000000001,70.071337164108499,0.23645545626160452,2.0749468621695903E-2,68.62
NCAA,Indiana,Big Ten,10.5,-105,-120,0.51219512195121952,0.54545454545454541,0.48427672955974843,10.413270272827811,52,65.91,0.54610000000000003,1,52.066351364139052,17.517749999999999,69.584101364139059,0.21582156995045371,1.9636348263209452E-2,68.22
NCAA,Texas,SEC,9.5,105,-135,0.48780487804878048,0.57446808510638303,0.45920859794821689,9.2746590545189385,95,87.92,0.59430000000000005,1,46.373295272594689,18.843250000000001,65.216545272594686,0.25059975090198111,2.1512499981044111E-2,63.81
NCAA,Penn State,Big Ten,8.5,-165,130,0.62264150943396224,0.43478260869565216,0.58882854926299455,8.9939717250562676,85,80.98,0.59760000000000002,1,44.96985862528134,18.934000000000001,63.903858625281345,0.2571675694321604,2.1866809024262805E-2,62.51
NCAA,BYU,Big 12,8.5,-150,115,0.6,0.46511627906976744,0.5633187772925764,8.8506556867269044,56,63.1,0.56289999999999996,1,44.25327843363452,17.979749999999999,62.233028433634516,0.24873849770154846,2.1412092389451444E-2,60.9
NCAA,Alabama,SEC,8.5,-120,-105,0.54545454545454541,0.51219512195121952,0.51572327044025157,8.5867297271721892,100,88.62,0.59630000000000005,1,42.933648635860948,18.898250000000001,61.831898635860952,0.26520696213086081,2.2300503944737121E-2,60.45
NCAA,James Madison,Sun Belt,8.5,-130,100,0.56521739130434778,0.5,0.53061224489795922,8.668979746692699,30,46.9,0.57909999999999995,1,43.344898733463495,18.425249999999998,61.770148733463493,0.25781466171818718,2.1901717212983736E-2,60.42
NCAA,SMU,ACC,8.5,-155,120,0.60784313725490191,0.45454545454545453,0.57214765100671139,8.9000580758988139,38,52.47,0.52569999999999995,1,44.500290379494068,16.95675,61.457040379494067,0.23523342339185732,2.0683544556517733E-2,60.19
NCAA,Utah,Big 12,8.5,-135,105,0.57446808510638303,0.48780487804878048,0.54079140205178311,8.7253409454810615,54,61.48,0.55620000000000003,1,43.626704727405311,17.795500000000001,61.422204727405315,0.24902232129051963,2.1427403601810491E-2,60.11
NCAA,LSU,SEC,8.5,-118,-110,0.54128440366972475,0.52380952380952384,0.50820344544708773,8.5452417628340847,85,79.48,0.56899999999999995,1,42.72620881417042,18.147499999999997,60.873708814170413,0.25704857326448149,2.1860389629737322E-2,59.54
NCAA,Navy,AAC,7.5,-200,150,0.66666666666666663,0.4,0.625,8.2010066007216249,38,50.14,0.58399999999999996,1,41.005033003608126,18.559999999999999,59.565033003608121,0.26962127258499419,2.2538639347883162E-2,58.22
NCAA,Texas A&M,SEC,8.5,100,-125,0.5,0.55555555555555558,0.47368421052631576,8.3547740127731505,78,74.650000000000006,0.55310000000000004,1,41.773870063865751,17.710250000000002,59.484120063865753,0.25570269819355751,2.1787784744800288E-2,58.19
NCAA,Liberty,CUSA,8.5,115,-145,0.46511627906976744,0.59183673469387754,0.44005388414907948,8.1681682770075348,28,44.03,0.58330000000000004,1,40.840841385037677,18.540750000000003,59.38159138503768,0.27013001211082016,2.2566083926903527E-2,58.04
NCAA,Kansas State,Big 12,8.5,-102,-125,0.50495049504950495,0.55555555555555558,0.47614107883817425,8.3683494875501943,50,57.89,0.54059999999999997,1,41.841747437750968,17.366500000000002,59.20824743775097,0.25108833048351931,2.1538857007090975E-2,57.93
NCAA,USC,Big Ten,8.5,105,-125,0.48780487804878048,0.55555555555555558,0.46753246753246752,8.3207570172664802,82,76.94,0.58389999999999997,0,41.603785086332401,17.516999999999999,59.120785086332404,0.2962917352065001,2.3977410235081785E-2,57.7
NCAA,South Florida,AAC,8.5,115,-145,0.46511627906976744,0.59183673469387754,0.44005388414907948,8.1681682770075348,30,45.23,0.55800000000000005,1,40.840841385037677,17.845000000000002,58.685841385037676,0.26147703837662462,2.2099288623307404E-2,57.39
NCAA,UNLV,Mountain West,7.5,-185,140,0.64912280701754388,0.41666666666666669,0.60905349794238683,8.109076539390438,28,43.83,0.56810000000000005,1,40.545382696952188,18.12275,58.668132696952185,0.26629022063304231,2.235894165608722E-2,57.36
NCAA,Michigan,Big Ten,8.5,140,-185,0.41666666666666669,0.64912280701754388,0.39094650205761317,7.8909234606095611,96,83.9,0.60629999999999995,1,39.454617303047804,19.173249999999999,58.627867303047807,0.28439120791851197,2.3335421663407609E-2,57.26
NCAA,Boise State,Pac-12,7.5,-160,125,0.61538461538461542,0.44444444444444442,0.58064516129032262,7.9477973093714702,42,51.69,0.58479999999999999,1,39.738986546857348,18.582000000000001,58.320986546857348,0.27574979355123042,2.2869249944067457E-2,56.99
NCAA,Clemson,ACC,7.5,-145,110,0.59183673469387754,0.47619047619047616,0.55414012738853502,7.7994825671783001,78,72.8,0.60870000000000002,1,38.997412835891502,19.239250000000002,58.236662835891508,0.28743491101422675,2.3499617967968879E-2,56.870000000000005
NCAA,Louisville,ACC,8.5,120,-150,0.45454545454545453,0.6,0.43103448275862072,8.1177696637940997,50,57.06,0.54720000000000002,1,40.588848318970498,17.548000000000002,58.1368483189705,0.25883756060250213,2.1956898750559076E-2,56.86
NCAA,New Mexico,Mountain West,7.5,-190,145,0.65517241379310343,0.40816326530612246,0.61614824619457309,8.1498362942268976,20,39.17,0.53859999999999997,1,40.749181471134492,17.311499999999999,58.060681471134487,0.25510379183826321,2.1755476005338798E-2,56.800000000000004
NCAA,Army,AAC,7.5,-145,115,0.59183673469387754,0.46511627906976744,0.55994611585092058,7.8318317229924643,38,48.91,0.57779999999999998,1,39.159158614962323,18.389499999999998,57.548658614962321,0.27610547982205824,2.2888437877126806E-2,56.230000000000004
NCAA,Ole Miss,SEC,7.5,-190,145,0.65517241379310343,0.40816326530612246,0.61614824619457309,8.1498362942268976,63,64.97,0.51749999999999996,1,40.749181471134492,16.731249999999999,57.480431471134494,0.24758425842969958,2.1349825533238068E-2,56.25
NCAA,Washington,Big Ten,7.5,-160,125,0.61538461538461542,0.44444444444444442,0.58064516129032262,7.9477973093714702,65,65.489999999999995,0.54449999999999998,1,39.738986546857348,17.473749999999999,57.212736546857343,0.26172056964512558,2.2112426216914768E-2,55.95
NCAA,Oklahoma,SEC,7.5,-145,115,0.59183673469387754,0.46511627906976744,0.55994611585092058,7.8318317229924643,83,75.91,0.55730000000000002,1,39.159158614962323,17.825749999999999,56.984908614962322,0.26894401294127851,2.2502103743972532E-2,55.7
NCAA,Houston,Big 12,8.5,120,-155,0.45454545454545453,0.60784313725490191,0.42785234899328861,8.0999419241011861,40,51,0.50760000000000005,1,40.499709620505932,16.459000000000003,56.958709620505935,0.24507226538317797,2.1214312980813638E-2,55.75
NCAA,Toledo,MAC,7.5,-130,100,0.56521739130434778,0.5,0.53061224489795922,7.6689797466926981,24,39.96,0.56010000000000004,1,38.344898733463488,17.902750000000001,56.247648733463492,0.27383811318030121,2.2766121996781529E-2,54.97
NCAA,Iowa,Big Ten,7.5,-145,110,0.59183673469387754,0.47619047619047616,0.55414012738853502,7.7994825671783001,62,63.2,0.53539999999999999,1,38.997412835891502,17.223500000000001,56.220912835891504,0.26188653398385414,2.2121379367156836E-2,54.980000000000004
NCAA,Pittsburgh,ACC,7.5,-155,120,0.60784313725490191,0.45454545454545453,0.57214765100671139,7.9000580758988148,40,50.33,0.51500000000000001,1,39.500290379494075,16.662500000000001,56.162790379494076,0.25216873848865873,2.1597140944874547E-2,54.95
NCAA,Virginia,ACC,7.5,-160,125,0.61538461538461542,0.44444444444444442,0.58064516129032262,7.9477973093714702,36,48.09,0.50319999999999998,1,39.738986546857348,16.338000000000001,56.076986546857349,0.2467678962819643,2.1305785873775043E-2,54.88
NCAA,Tennessee,SEC,7.5,-115,-115,0.53488372093023251,0.53488372093023251,0.5,7.5,84,75.400000000000006,0.55559999999999998,1,37.5,17.779,55.278999999999996,0.2763979087899564,2.2904213317229079E-2,54.01
NCAA,Memphis,AAC,7.5,-110,-115,0.52380952380952384,0.53488372093023251,0.4947698744769875,7.4711572166299209,32,44.1,0.55159999999999998,1,37.355786083149603,17.669,55.024786083149607,0.27567576504664043,2.2865256385397763E-2,53.77
NCAA,UTSA,AAC,7.5,-125,-105,0.55555555555555558,0.51219512195121952,0.52030456852791884,7.6120195979133776,24,39.770000000000003,0.52510000000000001,1,38.060097989566884,16.940250000000002,55.00034798956689,0.26254833883485967,2.2157081243278996E-2,53.78
NCAA,Old Dominion,Sun Belt,7.5,-120,-110,0.54545454545454541,0.52380952380952384,0.51012145748987858,7.5558215985464079,22,38.39,0.52769999999999995,1,37.779107992732037,17.011749999999999,54.790857992732036,0.26485714098371982,2.2281632412983976E-2,53.57
NCAA,Hawaii,Mountain West,7.5,100,-125,0.5,0.55555555555555558,0.47368421052631576,7.3547740127731505,26,40.119999999999997,0.54490000000000005,1,36.773870063865751,17.484750000000002,54.258620063865749,0.27617270734792049,2.2892064548639846E-2,53.02
NCAA,North Carolina State,ACC,7.5,100,-130,0.5,0.56521739130434778,0.46938775510204089,7.3310202533073028,48,53.24,0.52939999999999998,1,36.655101266536512,17.058499999999999,53.713601266536514,0.27103935794135481,2.2615139705422858E-2,52.5
NCAA,Marshall,Sun Belt,7.5,105,-135,0.48780487804878048,0.57446808510638303,0.45920859794821689,7.2746590545189376,26,39.85,0.5373,1,36.373295272594689,17.275750000000002,53.649045272594691,0.27541496637868101,2.2851187280702984E-2,52.42
NCAA,Jacksonville State,CUSA,7.5,105,-135,0.48780487804878048,0.57446808510638303,0.45920859794821689,7.2746590545189376,20,36.25,0.53300000000000003,1,36.373295272594689,17.157500000000002,53.530795272594688,0.27381435163366552,2.2764840150942579E-2,52.31
NCAA,Miami Ohio,MAC,7.5,110,-145,0.47619047619047616,0.59183673469387754,0.44585987261146492,7.2005174328216999,22,37.200000000000003,0.54159999999999997,1,36.002587164108498,17.393999999999998,53.396587164108496,0.27893168442067168,2.3040900957931154E-2,52.17
NCAA,Tulane,AAC,7.5,120,-150,0.45454545454545453,0.6,0.43103448275862072,7.1177696637940997,32,42.93,0.54469999999999996,1,35.588848318970498,17.47925,53.068098318970499,0.28226468395317078,2.3220703714353516E-2,51.84
NCAA,Air Force,Mountain West,7.5,125,-160,0.44444444444444442,0.61538461538461542,0.41935483870967738,7.0522026906285298,30,41.51,0.55389999999999995,1,35.261013453142652,17.732249999999997,52.993263453142646,0.28743747803847852,2.349975644924731E-2,51.75
NCAA,Louisiana,Sun Belt,7.5,115,-145,0.46511627906976744,0.59183673469387754,0.44005388414907948,7.1681682770075357,24,38.29,0.52700000000000002,1,35.840841385037677,16.9925,52.833341385037677,0.27430595188712131,2.2791360130848787E-2,51.63
NCAA,East Carolina,AAC,7.5,115,-150,0.46511627906976744,0.6,0.43668122270742354,7.1493443132730956,26,39.43,0.52290000000000003,1,35.74672156636548,16.879750000000001,52.626471566365481,0.27324176544623896,2.2733951285287244E-2,51.43
NCAA,Florida,SEC,7.5,130,-165,0.43478260869565216,0.62264150943396224,0.4111714507370054,7.0060282749437315,82,72.55,0.54579999999999995,1,35.03014137471866,17.509499999999999,52.539641374718656,0.28567952896652932,2.3404921725838395E-2,51.31
NCAA,Arizona,Big 12,7.5,110,-140,0.47619047619047616,0.58333333333333337,0.449438202247191,7.2204221201109373,43,49.87,0.50170000000000003,1,36.102110600554688,16.296750000000003,52.398860600554691,0.26330248104390941,2.2197764371674131E-2,51.24
NCAA,Western Kentucky,CUSA,6.5,-180,135,0.6428571428571429,0.42553191489361702,0.60170697012802277,7.0670893224956286,20,35.56,0.52800000000000002,1,35.335446612478144,17.02,52.355446612478147,0.27733504228267575,2.2954768135339212E-2,51.15
NCAA,Western Michigan,MAC,7.5,135,-175,0.42553191489361702,0.63636363636363635,0.40072859744990891,6.9467843309344603,22,36.36,0.53569999999999995,1,34.733921654672301,17.231749999999998,51.965671654672299,0.28349003353400221,2.328680670358774E-2,50.76
NCAA,Virginia Tech,ACC,6.5,-160,125,0.61538461538461542,0.44444444444444442,0.58064516129032262,6.9477973093714702,52,54.36,0.53480000000000005,1,34.738986546857348,17.207000000000001,51.945986546857348,0.28312100660045608,2.3266899092080837E-2,50.74
NCAA,Fresno State,Pac-12,7.5,125,-160,0.44444444444444442,0.61538461538461542,0.41935483870967738,7.0522026906285298,26,39.11,0.50829999999999997,1,35.261013453142652,16.478249999999999,51.739263453142655,0.27016716255845652,2.2568088053463466E-2,50.57
NCAA,Ohio,MAC,6.5,-150,120,0.6,0.45454545454545453,0.56896551724137934,6.8822303362059003,22,36.14,0.53420000000000001,1,34.411151681029502,17.1905,51.601651681029502,0.28469049965314813,2.3351567323896698E-2,50.4
NCAA,Troy,Sun Belt,6.5,-155,120,0.60784313725490191,0.45454545454545453,0.57214765100671139,6.9000580758988148,22,36.200000000000003,0.51239999999999997,1,34.500290379494075,16.591000000000001,51.091290379494076,0.27580043282006328,2.2871981741666162E-2,49.92
NCAA,TCU,Big 12,6.5,-155,120,0.60784313725490191,0.45454545454545453,0.57214765100671139,6.9000580758988148,48,51.8,0.51170000000000004,1,34.500290379494075,16.571750000000002,51.072040379494076,0.27552746856085952,2.2857256349198787E-2,49.9
NCAA,Illinois,Big Ten,7.5,125,-160,0.44444444444444442,0.61538461538461542,0.41935483870967738,7.0522026906285298,45,50.51,0.4783,1,35.261013453142652,15.65325,50.914263453142652,0.25834116233666388,2.1930119935977585E-2,49.800000000000004
NCAA,San Diego State,Pac-12,6.5,-145,115,0.59183673469387754,0.46511627906976744,0.55994611585092058,6.8318317229924643,26,38.369999999999997,0.50309999999999999,1,34.159158614962323,16.335249999999998,50.494408614962325,0.27399568347257336,2.2774622319870253E-2,49.34
NCAA,Wisconsin,Big Ten,6.5,-125,100,0.55555555555555558,0.5,0.52631578947368418,6.6452259872268495,68,62.95,0.53439999999999999,1,33.226129936134249,17.196000000000002,50.422129936134255,0.29145932586771461,2.3716719973711331E-2,49.230000000000004
NCAA,Sacramento State,FCS-Universe,4.5,-125,-105,0.55555555555555558,0.51219512195121952,0.52030456852791884,4.6120195979133776,16,24.97,0.376,10,23.060097989566888,26.880000000000003,49.940097989566894,3.7645100343871127E-2,0,49.94
NCAA,Auburn,SEC,6.5,-120,-110,0.54545454545454541,0.52380952380952384,0.51012145748987858,6.5558215985464079,76,67.45,0.52710000000000001,1,32.779107992732037,16.995249999999999,49.774357992732035,0.29121922581335091,2.370376748116796E-2,48.59
NCAA,Arizona State,Big 12,6.5,-130,100,0.56521739130434778,0.5,0.53061224489795922,6.6689797466926981,44,48.63,0.49519999999999997,1,33.344898733463488,16.117999999999999,49.46289873346349,0.27531746720672712,2.2845927568034177E-2,48.33
NCAA,Missouri,SEC,6.5,-135,105,0.57446808510638303,0.48780487804878048,0.54079140205178311,6.7253409454810624,55,55.42,0.47649999999999998,1,33.626704727405311,15.603749999999998,49.230454727405309,0.26617162227237123,2.2352543721749725E-2,48.13
NCAA,Georgia Tech,ACC,6.5,-105,-120,0.51219512195121952,0.54545454545454541,0.48427672955974843,6.4132702728278108,42,46.58,0.495,1,32.066351364139052,16.112500000000001,48.178851364139049,0.28254098249698389,2.323560897890236E-2,47.06
NCAA,Nebraska,Big Ten,6.5,120,-155,0.45454545454545453,0.60784313725490191,0.42785234899328861,6.0999419241011852,74,64.73,0.54149999999999998,1,30.499709620505925,17.391249999999999,47.890959620505924,0.31094073115260512,2.4767668326703764E-2,46.7
NCAA,Central Michigan,MAC,6.5,110,-140,0.47619047619047616,0.58333333333333337,0.449438202247191,6.2204221201109373,22,33.93,0.51780000000000004,1,31.102110600554688,16.7395,47.841610600554688,0.29763839095824468,2.405005723480523E-2,46.69
NCAA,Florida State,ACC,6.5,150,-200,0.4,0.66666666666666663,0.375,5.7989933992783742,75,64.33,0.57769999999999999,1,28.99496699639187,18.386749999999999,47.381716996391873,0.33529283038032959,2.6081372251088253E-2,46.15
NCAA,UCLA,Big Ten,6.5,-110,-115,0.52380952380952384,0.53488372093023251,0.4947698744769875,6.4711572166299209,54,53.97,0.49399999999999999,0,32.355786083149603,14.82,47.175786083149603,0.31414420893547029,2.4940483873144924E-2,46
NCAA,Appalachian State,Sun Belt,5.5,-165,130,0.62264150943396224,0.43478260869565216,0.58882854926299455,5.9939717250562676,30,37.979999999999997,0.52490000000000003,1,29.96985862528134,16.934750000000001,46.904608625281341,0.30774694476865855,2.459537559468912E-2,45.75
NCAA,South Carolina,SEC,6.5,115,-145,0.46511627906976744,0.59183673469387754,0.44005388414907948,6.1681682770075357,63,58.36,0.4899,1,30.840841385037677,15.972249999999999,46.81309138503768,0.28778808665274297,2.3518670461882323E-2,45.71
NCAA,West Virginia,Big 12,5.5,-175,135,0.63636363636363635,0.42553191489361702,0.59927140255009104,6.0532156690655388,52,51.38,0.50949999999999995,1,30.266078345327692,16.51125,46.777328345327689,0.29953078757648843,2.4152144896350584E-2,45.65
NCAA,Arkansas State,Sun Belt,5.5,-200,155,0.66666666666666663,0.39215686274509803,0.62962962962962954,6.2279196577981217,18,31.56,0.4768,1,31.139598288990609,15.611999999999998,46.751598288990607,0.28046099983468809,2.3123401757645691E-2,45.67
NCAA,Oklahoma State,Big 12,6.5,125,-160,0.44444444444444442,0.61538461538461542,0.41935483870967738,6.0522026906285298,50,50.17,0.50329999999999997,1,30.261013453142649,16.34075,46.601763453142652,0.29700056337817898,2.4015648842034762E-2,45.480000000000004
NCAA,Florida International,CUSA,6.5,120,-155,0.45454545454545453,0.60784313725490191,0.42785234899328861,6.0999419241011852,18,31.13,0.49320000000000003,1,30.499709620505925,16.063000000000002,46.562709620505927,0.2912845947012272,2.3707293886170367E-2,45.46
NCAA,Kennesaw State,CUSA,6.5,120,-150,0.45454545454545453,0.6,0.43103448275862072,6.1177696637940997,16,29.99,0.4834,1,30.588848318970498,15.7935,46.3823483189705,0.2866068770080562,2.3454948655756501E-2,45.29
NCAA,California,ACC,6.5,120,-155,0.45454545454545453,0.60784313725490191,0.42785234899328861,6.0999419241011852,40,44.33,0.48220000000000002,1,30.499709620505925,15.7605,46.260209620505925,0.28665023588915972,2.3457287703890706E-2,45.18
NCAA,Delaware,CUSA,6.5,130,-165,0.43478260869565216,0.62264150943396224,0.4111714507370054,6.0060282749437315,18,30.82,0.49049999999999999,1,30.030141374718657,15.98875,46.018891374718656,0.29311331927066581,2.3805946680782616E-2,44.92
NCAA,Minnesota,Big Ten,6.5,115,-145,0.46511627906976744,0.59183673469387754,0.44005388414907948,6.1681682770075357,44,46.96,0.45979999999999999,1,30.840841385037677,15.144500000000001,45.985341385037678,0.27496805762790666,2.2827078238839948E-2,44.94
NCAA,Buffalo,MAC,6.5,135,-175,0.42553191489361702,0.63636363636363635,0.40072859744990891,5.9467843309344603,18,30.62,0.49109999999999998,1,29.733921654672301,16.00525,45.739171654672305,0.29526660653069403,2.3922108408663788E-2,44.64
NCAA,Louisiana Tech,CUSA,5.5,-160,125,0.61538461538461542,0.44444444444444442,0.58064516129032262,5.9477973093714702,18,30.63,0.48880000000000001,1,29.738986546857351,15.942,45.680986546857355,0.29425809327063995,2.3867702921270797E-2,44.59
NCAA,Kansas,Big 12,5.5,-160,125,0.61538461538461542,0.44444444444444442,0.58064516129032262,5.9477973093714702,45,46.83,0.48530000000000001,1,29.738986546857351,15.845750000000001,45.58473654685735,0.29276795284934182,2.3787315464689041E-2,44.5
NCAA,Texas State,Pac-12,6.5,130,-165,0.43478260869565216,0.62264150943396224,0.4111714507370054,6.0060282749437315,24,34.42,0.47299999999999998,1,30.030141374718657,15.507499999999999,45.537641374718653,0.28564281344666731,2.3402941061991818E-2,44.47
NCAA,UCF,Big 12,5.5,-170,130,0.62962962962962965,0.43478260869565216,0.59152798789712557,6.0092500440591561,40,44.03,0.46929999999999999,1,30.046250220295782,15.405750000000001,45.452000220295787,0.2839423993982374,2.3311210136143849E-2,44.39
NCAA,Eastern Michigan,MAC,5.5,-155,120,0.60784313725490191,0.45454545454545453,0.57214765100671139,5.9000580758988148,16,29.27,0.47939999999999999,1,29.500290379494075,15.683499999999999,45.18379037949407,0.29177499030676973,2.3733748879864246E-2,44.11
NCAA,Florida Atlantic,AAC,5.5,-160,125,0.61538461538461542,0.44444444444444442,0.58064516129032262,5.9477973093714702,20,31.83,0.46789999999999998,1,29.738986546857351,15.367249999999999,45.106236546857346,0.28526543079321676,2.3382582690904527E-2,44.050000000000004
NCAA,South Alabama,Sun Belt,5.5,-150,120,0.6,0.45454545454545453,0.56896551724137934,5.8822303362059003,20,31.61,0.47720000000000001,1,29.411151681029502,15.623000000000001,45.034151681029499,0.29140107030211976,2.3713577305622492E-2,43.97
NCAA,Baylor,Big 12,6.5,150,-190,0.4,0.65517241379310343,0.37908496732026142,5.8226532735829979,46,47.01,0.48630000000000001,1,29.113266367914989,15.873250000000001,44.986516367914987,0.29727240692808987,2.4030313776461851E-2,43.910000000000004
NCAA,North Texas,AAC,5.5,-130,100,0.56521739130434778,0.5,0.53061224489795922,5.6689797466926981,24,33.299999999999997,0.47939999999999999,1,28.344898733463491,15.683499999999999,44.02839873346349,0.29943173904210074,2.4146801601420943E-2,42.97
NCAA,Duke,ACC,5.5,-125,-102,0.55555555555555558,0.50495049504950495,0.52385892116182575,5.6316505124498057,38,41.57,0.4657,1,28.158252562249029,15.306750000000001,43.465002562249026,0.29464509939136968,2.3888580442128819E-2,42.43
NCAA,Vanderbilt,SEC,5.5,-155,120,0.60784313725490191,0.45454545454545453,0.57214765100671139,5.9000580758988148,36,41.27,0.40179999999999999,1,29.500290379494075,13.549499999999998,43.04979037949407,0.25666791644270615,2.1839854629615414E-2,42.11
NCAA,Wyoming,Mountain West,5.5,-110,-120,0.52380952380952384,0.54545454545454541,0.48987854251012153,5.444178401453593,22,31.35,0.4798,1,27.220892007267963,15.6945,42.915392007267961,0.30745379181822313,2.4579561098459018E-2,41.86
NCAA,Connecticut,Independent,5.5,-118,-110,0.54128440366972475,0.52380952380952384,0.50820344544708773,5.5452417628340847,28,35.28,0.45760000000000001,1,27.726208814170423,15.084,42.810208814170423,0.29394857788767953,2.3851005733506812E-2,41.79
NCAA,Wake Forest,ACC,5.5,-125,100,0.55555555555555558,0.5,0.52631578947368418,5.6452259872268495,30,36.82,0.43459999999999999,1,28.226129936134249,14.451499999999999,42.677629936134252,0.28004132417580468,2.3100761838397328E-2,41.69
NCAA,Washington State,Pac-12,4.5,-190,145,0.65517241379310343,0.40816326530612246,0.61614824619457309,5.1498362942268976,34,37.57,0.49719999999999998,1,25.749181471134488,16.172999999999998,41.922181471134486,0.3261519205391194,2.5588254634469343E-2,40.85
NCAA,Tulsa,AAC,5.5,-105,-125,0.51219512195121952,0.55555555555555558,0.47969543147208121,5.3879804020866224,20,29.96,0.45240000000000002,1,26.939902010433112,14.940999999999999,41.880902010433111,0.29705663925052939,2.4018673923892436E-2,40.869999999999997
NCAA,Temple,AAC,5.5,100,-130,0.5,0.56521739130434778,0.46938775510204089,5.3310202533073028,20,29.77,0.45079999999999998,1,26.655101266536512,14.897,41.552101266536511,0.29834832949793028,2.40883557419251E-2,40.550000000000004
NCAA,Northwestern,Big Ten,5.5,-110,-118,0.52380952380952384,0.54128440366972475,0.49179655455291227,5.4547582371659153,34,38.58,0.41039999999999999,1,27.273791185829577,13.786000000000001,41.059791185829582,0.27486744754549525,2.2821650704282839E-2,40.119999999999997
NCAA,Maryland,Big Ten,5.5,100,-125,0.5,0.55555555555555558,0.47368421052631576,5.3547740127731505,36,39.450000000000003,0.41589999999999999,1,26.773870063865751,13.937249999999999,40.711120063865749,0.28093675590496558,2.3149067003616013E-2,39.770000000000003
NCAA,Cincinnati,Big 12,5.5,120,-155,0.45454545454545453,0.60784313725490191,0.42785234899328861,5.0999419241011852,40,41,0.45079999999999998,1,25.499709620505925,14.897,40.396709620505924,0.30688142961294829,2.4548684315796154E-2,39.410000000000004
NCAA,North Carolina,ACC,4.5,-135,105,0.57446808510638303,0.48780487804878048,0.54079140205178311,4.7253409454810624,55,48.75,0.50670000000000004,1,23.626704727405311,16.434250000000002,40.060954727405317,0.3478262087065967,2.6757500749869469E-2,38.99
NCAA,Bowling Green,MAC,4.5,-160,125,0.61538461538461542,0.44444444444444442,0.58064516129032262,4.9477973093714702,18,27.29,0.4612,1,24.738986546857351,15.183,39.921986546857354,0.31769461134188981,2.5132014694814183E-2,38.92
NCAA,Georgia Southern,Sun Belt,4.5,-155,120,0.60784313725490191,0.45454545454545453,0.57214765100671139,4.9000580758988148,22,29.53,0.45960000000000001,1,24.500290379494075,15.138999999999999,39.639290379494071,0.31885030935211495,2.5194360244462224E-2,38.64
NCAA,Coastal Carolina,Sun Belt,4.5,-150,115,0.6,0.46511627906976744,0.5633187772925764,4.8506556867269044,24,30.57,0.46850000000000003,1,24.25327843363452,15.383750000000001,39.637028433634519,0.32504328677341832,2.5528448023339551E-2,38.630000000000003
NCAA,San Jose State,Mountain West,4.5,-155,120,0.60784313725490191,0.45454545454545453,0.57214765100671139,4.9000580758988148,20,28.33,0.45319999999999999,1,24.500290379494075,14.962999999999999,39.463290379494076,0.31581249004203732,2.5030481347949003E-2,38.480000000000004
NCAA,Kentucky,SEC,4.5,-155,120,0.60784313725490191,0.45454545454545453,0.57214765100671139,4.9000580758988148,55,49.33,0.44679999999999997,1,24.500290379494075,14.786999999999999,39.287290379494074,0.31274745296288425,2.4865134155429222E-2,38.31
NCAA,Iowa State,Big 12,4.5,-145,110,0.59183673469387754,0.47619047619047616,0.55414012738853502,4.7994825671783001,44,42.4,0.45950000000000002,1,23.997412835891502,15.13625,39.133662835891499,0.32289975137238225,2.5412812371477876E-2,38.14
NCAA,Utah State,Mountain West,4.5,-140,110,0.58333333333333337,0.47619047619047616,0.550561797752809,4.7795778798890627,22,29.13,0.46050000000000002,1,23.897889399445312,15.16375,39.061639399445312,0.32419914255262489,2.5482909625798026E-2,38.07
NCAA,Rutgers,Big Ten,4.5,-160,125,0.61538461538461542,0.44444444444444442,0.58064516129032262,4.9477973093714702,36,38.090000000000003,0.4073,1,24.738986546857351,13.700749999999999,38.439736546857347,0.29138467133734092,2.3712692643311273E-2,37.53
NCAA,Syracuse,ACC,4.5,-115,-110,0.53488372093023251,0.52380952380952384,0.5052301255230125,4.5288427833700791,38,37.9,0.442,1,22.644213916850397,14.655000000000001,37.299213916850398,0.32587818143022107,2.5573487441782818E-2,36.35
NCAA,Akron,MAC,4.5,-115,-115,0.53488372093023251,0.53488372093023251,0.5,4.5,16,24.6,0.4345,1,22.5,14.448749999999999,36.948749999999997,0.32338712405697079,2.543910428998537E-2,36.01
NCAA,Mississippi State,SEC,4.5,-118,-110,0.54128440366972475,0.52380952380952384,0.50820344544708773,4.5452417628340847,48,43.95,0.41749999999999998,1,22.726208814170423,13.981249999999999,36.707458814170423,0.31277703145083463,2.4866729803317087E-2,35.79
NCAA,New Mexico State,CUSA,4.5,-105,-125,0.51219512195121952,0.55555555555555558,0.47969543147208121,4.3879804020866224,16,24.23,0.42780000000000001,1,21.939902010433112,14.2645,36.204402010433114,0.3249466735180378,2.5523236102529191E-2,35.28
NCAA,Colorado,Big 12,4.5,135,-175,0.42553191489361702,0.63636363636363635,0.40072859744990891,3.9467843309344603,62,50.36,0.50429999999999997,1,19.733921654672301,16.36825,36.102171654672304,0.38413894135382809,2.8716435745070296E-2,35.07
NCAA,Michigan State,Big Ten,4.5,120,-155,0.45454545454545453,0.60784313725490191,0.42785234899328861,4.0999419241011852,60,49.67,0.47399999999999998,1,20.499709620505925,15.534999999999998,36.034709620505922,0.36173456473705834,2.7507804110909993E-2,35.04
NCAA,Nevada,Mountain West,4.5,110,-145,0.47619047619047616,0.59183673469387754,0.44585987261146492,4.2005174328216999,20,26,0.43080000000000002,1,21.002587164108498,14.347000000000001,35.349587164108499,0.33513828450105965,2.6073035083676283E-2,34.43
NCAA,Arkansas,SEC,4.5,135,-175,0.42553191489361702,0.63636363636363635,0.40072859744990891,3.9467843309344603,62,50.36,0.45200000000000001,1,19.733921654672301,14.930000000000001,34.663921654672301,0.35858608624349286,2.7337955568730594E-2,33.72
NCAA,Oregon State,Pac-12,4.5,150,-190,0.4,0.65517241379310343,0.37908496732026142,3.8226532735829979,34,33.14,0.46260000000000001,1,19.113266367914989,15.221500000000001,34.334766367914987,0.37051366139156072,2.7981403270461717E-2,33.369999999999997
NCAA,Middle Tennessee,CUSA,3.5,-160,125,0.61538461538461542,0.44444444444444442,0.58064516129032262,3.9477973093714702,18,23.96,0.4249,1,19.738986546857351,14.184749999999999,33.923736546857349,0.34444171513537059,2.6574920084235849E-2,33.020000000000003
NCAA,Missouri State,CUSA,4.5,130,-165,0.43478260869565216,0.62264150943396224,0.4111714507370054,4.0060282749437315,15,22.35,0.40720000000000001,1,20.030141374718657,13.698,33.72814137471866,0.33200762163531483,2.5904147627437132E-2,32.85
NCAA,Colorado State,Pac-12,3.5,-150,115,0.6,0.46511627906976744,0.5633187772925764,3.8506556867269039,24,27.24,0.40910000000000002,1,19.25327843363452,13.750249999999999,33.003528433634521,0.34088021899302912,2.6382790797346796E-2,32.130000000000003
NCAA,Stanford,ACC,3.5,-125,100,0.55555555555555558,0.5,0.52631578947368418,3.6452259872268491,40,36.15,0.43,1,18.226129936134246,14.324999999999999,32.551129936134245,0.36327463971913748,2.7590885348748428E-2,31.650000000000002
NCAA,Georgia State,Sun Belt,4.5,150,-200,0.4,0.66666666666666663,0.375,3.7989933992783746,18,23.46,0.40079999999999999,1,18.994966996391874,13.522,32.516966996391872,0.3389615028124553,2.6279283294661768E-2,31.66
NCAA,Southern Mississippi,Sun Belt,3.5,-135,105,0.57446808510638303,0.48780487804878048,0.54079140205178311,3.7253409454810624,20,24.42,0.41089999999999999,1,18.626704727405311,13.79975,32.426454727405314,0.34847318632246227,2.6792402752567612E-2,31.560000000000002
NCAA,Ball State,MAC,3.5,-125,-105,0.55555555555555558,0.51219512195121952,0.52030456852791884,3.6120195979133776,16,21.64,0.40200000000000002,1,18.060097989566888,13.555000000000001,31.615097989566891,0.34967470300576631,2.6857220046851336E-2,30.77
NCAA,UL Monroe,Sun Belt,3.5,-125,-105,0.55555555555555558,0.51219512195121952,0.52030456852791884,3.6120195979133776,15,21.04,0.37380000000000002,1,18.060097989566888,12.779500000000002,30.83959798956689,0.33332146558711895,2.5975024554283292E-2,30.04
NCAA,UAB,AAC,3.5,-115,-115,0.53488372093023251,0.53488372093023251,0.5,3.5,20,23.67,0.3931,1,17.5,13.31025,30.81025,0.35086537759349568,2.6921452450963106E-2,29.98
NCAA,Northern Illinois,Mountain West,3.5,100,-125,0.5,0.55555555555555558,0.47368421052631576,3.3547740127731505,22,24.38,0.41410000000000002,1,16.773870063865751,13.88775,30.661620063865751,0.37140079279177712,2.8029260664233432E-2,29.8
NCAA,Rice,AAC,3.5,-115,-115,0.53488372093023251,0.53488372093023251,0.5,3.5,18,22.47,0.38030000000000003,1,17.5,12.95825,30.45825,0.3433634565347648,2.6516752098721709E-2,29.650000000000002
NCAA,Kent State,MAC,3.5,-105,-125,0.51219512195121952,0.55555555555555558,0.47969543147208121,3.3879804020866229,15,20.29,0.38600000000000001,1,16.939902010433116,13.115000000000002,30.054902010433118,0.3531869774958894,2.7046694011212374E-2,29.240000000000002
NCAA,Purdue,Big Ten,3.5,115,-145,0.46511627906976744,0.59183673469387754,0.44005388414907948,3.1681682770075357,40,34.56,0.38340000000000002,1,15.840841385037677,13.043500000000002,28.884341385037679,0.36502476755317742,2.7685298145865123E-2,28.080000000000002
NCAA,UTEP,Mountain West,3.5,110,-140,0.47619047619047616,0.58333333333333337,0.449438202247191,3.2204221201109369,16,20.329999999999998,0.36820000000000003,1,16.102110600554685,12.625500000000001,28.727610600554684,0.35246579121357535,2.7007788730791633E-2,27.95
NCAA,Sam Houston State,CUSA,3.5,120,-150,0.45454545454545453,0.6,0.43103448275862072,3.1177696637940997,16,19.989999999999998,0.37919999999999998,1,15.588848318970498,12.927999999999999,28.516848318970496,0.36567855898237167,2.772056772809825E-2,27.73
NCAA,Boston College,ACC,3.5,120,-155,0.45454545454545453,0.60784313725490191,0.42785234899328861,3.0999419241011852,32,29.53,0.3795,1,15.499709620505925,12.936250000000001,28.435959620505926,0.36700889082969945,2.779233411473396E-2,27.650000000000002
NCAA,Massachusetts,MAC,2.5,-150,115,0.6,0.46511627906976744,0.5633187772925764,2.8506556867269039,15,18.5,0.36359999999999998,1,14.25327843363452,12.498999999999999,26.752278433634519,0.37376255726423191,2.8156668951581545E-2,26
NCAA,Charlotte,AAC,2.5,120,-155,0.45454545454545453,0.60784313725490191,0.42785234899328861,2.0999419241011852,18,17.8,0.32569999999999999,1,10.499709620505925,11.45675,21.956459620505925,0.40793234222674812,0.03,21.3
