league,team,win_total,over_price,under_price,sportsbook
NCAAF,Air Force,7.5,125,-160,BetMGM
NCAAF,Akron,4.5,-115,-115,BetMGM
NCAAF,Alabama,8.5,-120,-105,BetMGM
NCAAF,Appalachian State,5.5,-165,130,BetMGM
NCAAF,Arizona,7.5,110,-140,BetMGM
NCAAF,Arizona State,6.5,-130,100,BetMGM
NCAAF,Arkansas,4.5,135,-175,BetMGM
NCAAF,Arkansas State,5.5,-200,155,BetMGM
NCAAF,Army,7.5,-145,115,BetMGM
NCAAF,Auburn,6.5,-120,-110,BetMGM
NCAAF,Ball State,3.5,-125,-105,BetMGM
NCAAF,Baylor,6.5,150,-190,BetMGM
NCAAF,Boise State,7.5,-160,125,BetMGM
NCAAF,Boston College,3.5,120,-155,BetMGM
NCAAF,Bowling Green,4.5,-160,125,BetMGM
NCAAF,Buffalo,6.5,135,-175,BetMGM
NCAAF,BYU,8.5,-150,115,BetMGM
NCAAF,California,6.5,120,-155,BetMGM
NCAAF,Central Michigan,6.5,110,-140,BetMGM
NCAAF,Charlotte,2.5,120,-155,BetMGM
NCAAF,Cincinnati,5.5,120,-155,BetMGM
NCAAF,Clemson,7.5,-145,110,BetMGM
NCAAF,Coastal Carolina,4.5,-150,115,BetMGM
NCAAF,Colorado,4.5,135,-175,BetMGM
NCAAF,Colorado State,3.5,-150,115,BetMGM
NCAAF,Connecticut,5.5,-118,-110,BetMGM
NCAAF,Delaware,6.5,130,-165,BetMGM
NCAAF,Duke,5.5,-125,-102,BetMGM
NCAAF,East Carolina,7.5,115,-150,BetMGM
NCAAF,Eastern Michigan,5.5,-155,120,BetMGM
NCAAF,Florida,7.5,130,-165,BetMGM
NCAAF,Florida Atlantic,5.5,-160,125,BetMGM
NCAAF,Florida International,6.5,120,-155,BetMGM
NCAAF,Florida State,6.5,150,-200,BetMGM
NCAAF,Fresno State,7.5,125,-160,BetMGM
NCAAF,Georgia,9.5,-200,154,BetMGM
NCAAF,Georgia Southern,4.5,-155,120,BetMGM
NCAAF,Georgia State,4.5,150,-200,BetMGM
NCAAF,Georgia Tech,6.5,-105,-120,BetMGM
NCAAF,Hawaii,7.5,100,-125,BetMGM
NCAAF,Houston,8.5,120,-155,BetMGM
NCAAF,Illinois,7.5,125,-160,BetMGM
NCAAF,Indiana,10.5,-105,-120,BetMGM
NCAAF,Iowa,7.5,-145,110,BetMGM
NCAAF,Iowa State,4.5,-145,110,BetMGM
NCAAF,Jacksonville State,7.5,105,-135,BetMGM
NCAAF,James Madison,8.5,-130,100,BetMGM
NCAAF,Kansas,5.5,-160,125,BetMGM
NCAAF,Kansas State,8.5,-102,-125,BetMGM
NCAAF,Kennesaw State,6.5,120,-150,BetMGM
NCAAF,Kent State,3.5,-105,-125,BetMGM
NCAAF,Kentucky,4.5,-155,120,BetMGM
NCAAF,Liberty,8.5,115,-145,BetMGM
NCAAF,Louisiana,7.5,115,-145,BetMGM
NCAAF,Louisiana Tech,5.5,-160,125,BetMGM
NCAAF,Louisville,8.5,120,-150,BetMGM
NCAAF,LSU,8.5,-118,-110,BetMGM
NCAAF,Marshall,7.5,105,-135,BetMGM
NCAAF,Maryland,5.5,100,-125,BetMGM
NCAAF,Massachusetts,2.5,-150,115,BetMGM
NCAAF,Memphis,7.5,-110,-115,BetMGM
NCAAF,Miami Florida,10.5,-125,100,BetMGM
NCAAF,Miami Ohio,7.5,110,-145,BetMGM
NCAAF,Michigan,8.5,140,-185,BetMGM
NCAAF,Michigan State,4.5,120,-155,BetMGM
NCAAF,Middle Tennessee,3.5,-160,125,BetMGM
NCAAF,Minnesota,6.5,115,-145,BetMGM
NCAAF,Mississippi State,4.5,-118,-110,BetMGM
NCAAF,Missouri,6.5,-135,105,BetMGM
NCAAF,Missouri State,4.5,130,-165,BetMGM
NCAAF,Navy,7.5,-200,150,BetMGM
NCAAF,Nebraska,6.5,120,-155,BetMGM
NCAAF,Nevada,4.5,110,-145,BetMGM
NCAAF,New Mexico,7.5,-190,145,BetMGM
NCAAF,New Mexico State,4.5,-105,-125,BetMGM
NCAAF,North Carolina,4.5,-135,105,BetMGM
NCAAF,North Carolina State,7.5,100,-130,BetMGM
NCAAF,North Dakota State,9.5,175,-235,BetMGM
NCAAF,North Texas,5.5,-130,100,BetMGM
NCAAF,Northern Illinois,3.5,100,-125,BetMGM
NCAAF,Northwestern,5.5,-110,-118,BetMGM
NCAAF,Notre Dame,11.5,150,-200,BetMGM
NCAAF,Ohio,6.5,-150,120,BetMGM
NCAAF,Ohio State,9.5,-185,140,BetMGM
NCAAF,Oklahoma,7.5,-145,115,BetMGM
NCAAF,Oklahoma State,6.5,125,-160,BetMGM
NCAAF,Old Dominion,7.5,-120,-110,BetMGM
NCAAF,Ole Miss,7.5,-190,145,BetMGM
NCAAF,Oregon,10.5,110,-145,BetMGM
NCAAF,Oregon State,4.5,150,-190,BetMGM
NCAAF,Penn State,8.5,-165,130,BetMGM
NCAAF,Pittsburgh,7.5,-155,120,BetMGM
NCAAF,Purdue,3.5,115,-145,BetMGM
NCAAF,Rice,3.5,-115,-115,BetMGM
NCAAF,Rutgers,4.5,-160,125,BetMGM
NCAAF,Sacramento State,4.5,-125,-105,BetMGM
NCAAF,Sam Houston State,3.5,120,-150,BetMGM
NCAAF,San Diego State,6.5,-145,115,BetMGM
NCAAF,San Jose State,4.5,-155,120,BetMGM
NCAAF,SMU,8.5,-155,120,BetMGM
NCAAF,South Alabama,5.5,-150,120,BetMGM
NCAAF,South Carolina,6.5,115,-145,BetMGM
NCAAF,South Florida,8.5,115,-145,BetMGM
NCAAF,Southern Mississippi,3.5,-135,105,BetMGM
NCAAF,Stanford,3.5,-125,100,BetMGM
NCAAF,Syracuse,4.5,-115,-110,BetMGM
NCAAF,TCU,6.5,-155,120,BetMGM
NCAAF,Temple,5.5,100,-130,BetMGM
NCAAF,Tennessee,7.5,-115,-115,BetMGM
NCAAF,Texas,9.5,105,-135,BetMGM
NCAAF,Texas A&M,8.5,100,-125,BetMGM
NCAAF,Texas State,6.5,130,-165,BetMGM
NCAAF,Texas Tech,10.5,-220,170,BetMGM
NCAAF,Toledo,7.5,-130,100,BetMGM
NCAAF,Troy,6.5,-155,120,BetMGM
NCAAF,Tulane,7.5,120,-150,BetMGM
NCAAF,Tulsa,5.5,-105,-125,BetMGM
NCAAF,UAB,3.5,-115,-115,BetMGM
NCAAF,UCF,5.5,-170,130,BetMGM
NCAAF,UCLA,6.5,-110,-115,BetMGM
NCAAF,UL Monroe,3.5,-125,-105,BetMGM
NCAAF,UNLV,7.5,-185,140,BetMGM
NCAAF,USC,8.5,105,-125,BetMGM
NCAAF,Utah,8.5,-135,105,BetMGM
NCAAF,Utah State,4.5,-140,110,BetMGM
NCAAF,UTEP,3.5,110,-140,BetMGM
NCAAF,UTSA,7.5,-125,-105,BetMGM
NCAAF,Vanderbilt,5.5,-155,120,BetMGM
NCAAF,Virginia,7.5,-160,125,BetMGM
NCAAF,Virginia Tech,6.5,-160,125,BetMGM
NCAAF,Wake Forest,5.5,-125,100,BetMGM
NCAAF,Washington,7.5,-160,125,BetMGM
NCAAF,Washington State,4.5,-190,145,BetMGM
NCAAF,West Virginia,5.5,-175,135,BetMGM
NCAAF,Western Kentucky,6.5,-180,135,BetMGM
NCAAF,Western Michigan,7.5,135,-175,BetMGM
NCAAF,Wisconsin,6.5,-125,100,BetMGM
NCAAF,Wyoming,5.5,-110,-120,BetMGM
NFL,Arizona Cardinals,3.5,-145,120,BetMGM
NFL,Atlanta Falcons,7.5,115,-140,BetMGM
NFL,Baltimore Ravens,11.5,118,-140,BetMGM
NFL,Buffalo Bills,10.5,-145,120,BetMGM
NFL,Carolina Panthers,7.5,110,-130,BetMGM
NFL,Chicago Bears,9.5,105,-125,BetMGM
NFL,Cincinnati Bengals,10.5,115,-140,BetMGM
NFL,Cleveland Browns,5.5,-120,100,BetMGM
NFL,Dallas Cowboys,9.5,105,-125,BetMGM
NFL,Denver Broncos,9.5,-125,105,BetMGM
NFL,Detroit Lions,10.5,-130,110,BetMGM
NFL,Green Bay Packers,9.5,-125,105,BetMGM
NFL,Houston Texans,9.5,-125,105,BetMGM
NFL,Indianapolis Colts,7.5,-125,105,BetMGM
NFL,Jacksonville Jaguars,8.5,-140,115,BetMGM
NFL,Kansas City Chiefs,10.5,115,-135,BetMGM
NFL,Las Vegas Raiders,6.5,125,-150,BetMGM
NFL,Los Angeles Chargers,9.5,-140,115,BetMGM
NFL,Los Angeles Rams,11.5,-140,115,BetMGM
NFL,Miami Dolphins,4.5,120,-145,BetMGM
NFL,Minnesota Vikings,8.5,-110,-110,BetMGM
NFL,New England Patriots,10.5,120,-145,BetMGM
NFL,New Orleans Saints,7.5,-125,105,BetMGM
NFL,New York Giants,7.5,-110,-110,BetMGM
NFL,New York Jets,5.5,-110,-110,BetMGM
NFL,Philadelphia Eagles,10.5,120,-145,BetMGM
NFL,Pittsburgh Steelers,8.5,115,-140,BetMGM
NFL,San Francisco 49ers,10.5,105,-125,BetMGM
NFL,Seattle Seahawks,10.5,-125,105,BetMGM
NFL,Tampa Bay Buccaneers,8.5,110,-130,BetMGM
NFL,Tennessee Titans,6.5,-105,-115,BetMGM
NFL,Washington Commanders,7.5,-125,105,DraftKings
